"ts_month","commodity_name","value"
"2010-01-01 00:00:00","Copper","3.330357142857142"
"2010-01-01 00:00:00","Gold","1116.6761904761904"
"2010-01-01 00:00:00","Iron Ore","129.71428571428572"
"2010-01-01 00:00:00","Nickel","18407.761904761905"
"2010-01-01 00:00:00","Silver","17.69952380952381"
"2010-01-01 00:00:00","Zinc","2420.1071428571427"
"2010-02-01 00:00:00","Copper","3.1470714285714285"
"2010-02-01 00:00:00","Gold","1098.4299999999998"
"2010-02-01 00:00:00","Iron Ore","130.05"
"2010-02-01 00:00:00","Nickel","19060.55"
"2010-02-01 00:00:00","Silver","15.870000000000001"
"2010-02-01 00:00:00","Zinc","2158.8"
"2010-03-01 00:00:00","Copper","3.390261904761905"
"2010-03-01 00:00:00","Gold","1113.673913043478"
"2010-03-01 00:00:00","Iron Ore","145.04347826086956"
"2010-03-01 00:00:00","Nickel","22467.17391304348"
"2010-03-01 00:00:00","Silver","17.067826086956526"
"2010-03-01 00:00:00","Zinc","2277.263043478261"
"2010-04-01 00:00:00","Copper","3.514763157894737"
"2010-04-01 00:00:00","Gold","1148.6486363636366"
"2010-04-01 00:00:00","Iron Ore","176.5"
"2010-04-01 00:00:00","Nickel","25936"
"2010-04-01 00:00:00","Silver","18.103636363636365"
"2010-04-01 00:00:00","Zinc","2367.9772727272725"
"2010-05-01 00:00:00","Copper","3.1059722222222224"
"2010-05-01 00:00:00","Gold","1205.290476190476"
"2010-05-01 00:00:00","Iron Ore","169.04761904761904"
"2010-05-01 00:00:00","Nickel","22104.333333333332"
"2010-05-01 00:00:00","Silver","18.381904761904764"
"2010-05-01 00:00:00","Zinc","1980.1785714285713"
"2010-06-01 00:00:00","Copper","2.914972222222223"
"2010-06-01 00:00:00","Gold","1233.230909090909"
"2010-06-01 00:00:00","Iron Ore","151.4090909090909"
"2010-06-01 00:00:00","Nickel","19411.295454545456"
"2010-06-01 00:00:00","Silver","18.405909090909088"
"2010-06-01 00:00:00","Zinc","1746.5113636363637"
"2010-07-01 00:00:00","Copper","3.064261904761905"
"2010-07-01 00:00:00","Gold","1192.280909090909"
"2010-07-01 00:00:00","Iron Ore","134.27272727272728"
"2010-07-01 00:00:00","Nickel","19548.522727272728"
"2010-07-01 00:00:00","Silver","17.884999999999998"
"2010-07-01 00:00:00","Zinc","1847.027272727273"
"2010-08-01 00:00:00","Copper","3.3205294117647055"
"2010-08-01 00:00:00","Gold","1216.3181818181818"
"2010-08-01 00:00:00","Iron Ore","153.36363636363637"
"2010-08-01 00:00:00","Nickel","21428.25"
"2010-08-01 00:00:00","Silver","18.404545454545453"
"2010-08-01 00:00:00","Zinc","2048.2727272727275"
"2010-09-01 00:00:00","Copper","3.5141578947368424"
"2010-09-01 00:00:00","Gold","1271.6840909090909"
"2010-09-01 00:00:00","Iron Ore","148.5"
"2010-09-01 00:00:00","Nickel","22690.136363636364"
"2010-09-01 00:00:00","Silver","20.546363636363633"
"2010-09-01 00:00:00","Zinc","2150.943181818182"
"2010-10-01 00:00:00","Copper","3.7692499999999995"
"2010-10-01 00:00:00","Gold","1344.197619047619"
"2010-10-01 00:00:00","Iron Ore","157.52380952380952"
"2010-10-01 00:00:00","Nickel","23793.680952380953"
"2010-10-01 00:00:00","Silver","23.44619047619048"
"2010-10-01 00:00:00","Zinc","2373.5619047619048"
"2010-11-01 00:00:00","Copper","3.8196249999999994"
"2010-11-01 00:00:00","Gold","1371.3240909090907"
"2010-11-01 00:00:00","Iron Ore","164.3181818181818"
"2010-11-01 00:00:00","Nickel","22836.227272727272"
"2010-11-01 00:00:00","Silver","26.62772727272727"
"2010-11-01 00:00:00","Zinc","2283.2954545454545"
"2010-12-01 00:00:00","Copper","4.155375"
"2010-12-01 00:00:00","Gold","1392.1152173913042"
"2010-12-01 00:00:00","Iron Ore","174.7826086956522"
"2010-12-01 00:00:00","Nickel","24098.82608695652"
"2010-12-01 00:00:00","Silver","29.307391304347817"
"2010-12-01 00:00:00","Zinc","2288.0978260869565"
"2011-01-01 00:00:00","Copper","4.343705882352942"
"2011-01-01 00:00:00","Gold","1360.2742857142857"
"2011-01-01 00:00:00","Iron Ore","182.52380952380952"
"2011-01-01 00:00:00","Nickel","25577.74047619048"
"2011-01-01 00:00:00","Silver","28.468095238095234"
"2011-01-01 00:00:00","Zinc","2379.059523809524"
"2011-02-01 00:00:00","Copper","4.49803125"
"2011-02-01 00:00:00","Gold","1374.1485"
"2011-02-01 00:00:00","Iron Ore","190.65"
"2011-02-01 00:00:00","Nickel","28412.175"
"2011-02-01 00:00:00","Silver","31.027500000000003"
"2011-02-01 00:00:00","Zinc","2473.6375"
"2011-03-01 00:00:00","Copper","4.31954347826087"
"2011-03-01 00:00:00","Gold","1422.117391304348"
"2011-03-01 00:00:00","Iron Ore","176.7826086956522"
"2011-03-01 00:00:00","Nickel","26710.347826086956"
"2011-03-01 00:00:00","Silver","35.877391304347825"
"2011-03-01 00:00:00","Zinc","2341.478260869565"
"2011-04-01 00:00:00","Copper","4.295138888888889"
"2011-04-01 00:00:00","Gold","1484.2066666666665"
"2011-04-01 00:00:00","Iron Ore","186.66666666666666"
"2011-04-01 00:00:00","Nickel","26408.333333333332"
"2011-04-01 00:00:00","Silver","43.01142857142858"
"2011-04-01 00:00:00","Zinc","2362.2190476190476"
"2011-05-01 00:00:00","Copper","4.055571428571428"
"2011-05-01 00:00:00","Gold","1511.2377272727274"
"2011-05-01 00:00:00","Iron Ore","186.3181818181818"
"2011-05-01 00:00:00","Nickel","24236.727272727272"
"2011-05-01 00:00:00","Silver","36.82181818181818"
"2011-05-01 00:00:00","Zinc","2167.3522727272725"
"2011-06-01 00:00:00","Copper","4.106473684210527"
"2011-06-01 00:00:00","Gold","1527.1650000000002"
"2011-06-01 00:00:00","Iron Ore","178.3181818181818"
"2011-06-01 00:00:00","Nickel","22420.93181818182"
"2011-06-01 00:00:00","Silver","35.699090909090906"
"2011-06-01 00:00:00","Zinc","2234.465909090909"
"2011-07-01 00:00:00","Copper","4.40125"
"2011-07-01 00:00:00","Gold","1573.3466666666666"
"2011-07-01 00:00:00","Iron Ore","181.0952380952381"
"2011-07-01 00:00:00","Nickel","23847.95238095238"
"2011-07-01 00:00:00","Silver","38.05714285714286"
"2011-07-01 00:00:00","Zinc","2397.754761904762"
"2011-08-01 00:00:00","Copper","4.081476190476191"
"2011-08-01 00:00:00","Gold","1763.1226086956524"
"2011-08-01 00:00:00","Iron Ore","185.47826086956522"
"2011-08-01 00:00:00","Nickel","21845.08695652174"
"2011-08-01 00:00:00","Silver","40.31304347826087"
"2011-08-01 00:00:00","Zinc","2200.1739130434785"
"2011-09-01 00:00:00","Copper","3.7628500000000003"
"2011-09-01 00:00:00","Gold","1770.9881818181814"
"2011-09-01 00:00:00","Iron Ore","187.04545454545453"
"2011-09-01 00:00:00","Nickel","20377.590909090908"
"2011-09-01 00:00:00","Silver","37.97863636363636"
"2011-09-01 00:00:00","Zinc","2075.2204545454547"
"2011-10-01 00:00:00","Copper","3.3361666666666663"
"2011-10-01 00:00:00","Gold","1670.1809523809522"
"2011-10-01 00:00:00","Iron Ore","165.28571428571428"
"2011-10-01 00:00:00","Nickel","19039.04761904762"
"2011-10-01 00:00:00","Silver","32.079523809523806"
"2011-10-01 00:00:00","Zinc","1871.4166666666667"
"2011-11-01 00:00:00","Copper","3.44696875"
"2011-11-01 00:00:00","Gold","1738.5968181818184"
"2011-11-01 00:00:00","Iron Ore","144.04545454545453"
"2011-11-01 00:00:00","Nickel","17873"
"2011-11-01 00:00:00","Silver","33.21318181818182"
"2011-11-01 00:00:00","Zinc","1935.3181818181818"
"2011-12-01 00:00:00","Copper","3.435675"
"2011-12-01 00:00:00","Gold","1637.565"
"2011-12-01 00:00:00","Iron Ore","144.72727272727272"
"2011-12-01 00:00:00","Nickel","18266.761363636364"
"2011-12-01 00:00:00","Silver","30.085"
"2011-12-01 00:00:00","Zinc","1904.7272727272727"
"2012-01-01 00:00:00","Copper","3.657941176470589"
"2012-01-01 00:00:00","Gold","1656.8018181818181"
"2012-01-01 00:00:00","Iron Ore","146.45454545454547"
"2012-01-01 00:00:00","Nickel","19854.772727272728"
"2012-01-01 00:00:00","Silver","30.8"
"2012-01-01 00:00:00","Zinc","1981.8636363636363"
"2012-02-01 00:00:00","Copper","3.8418636363636365"
"2012-02-01 00:00:00","Gold","1741.0390476190473"
"2012-02-01 00:00:00","Iron Ore","147.38095238095238"
"2012-02-01 00:00:00","Nickel","20393.666666666668"
"2012-02-01 00:00:00","Silver","34.17809523809525"
"2012-02-01 00:00:00","Zinc","2057.785714285714"
"2012-03-01 00:00:00","Copper","3.841976190476191"
"2012-03-01 00:00:00","Gold","1675.6645454545453"
"2012-03-01 00:00:00","Iron Ore","148.54545454545453"
"2012-03-01 00:00:00","Nickel","18660.80681818182"
"2012-03-01 00:00:00","Silver","32.95954545454545"
"2012-03-01 00:00:00","Zinc","2035.925"
"2012-04-01 00:00:00","Copper","3.721352941176471"
"2012-04-01 00:00:00","Gold","1648.9514285714283"
"2012-04-01 00:00:00","Iron Ore","150.38095238095238"
"2012-04-01 00:00:00","Nickel","17935.02380952381"
"2012-04-01 00:00:00","Silver","31.502857142857142"
"2012-04-01 00:00:00","Zinc","2002.4285714285713"
"2012-05-01 00:00:00","Copper","3.570340909090909"
"2012-05-01 00:00:00","Gold","1586.6091304347824"
"2012-05-01 00:00:00","Iron Ore","141.95652173913044"
"2012-05-01 00:00:00","Nickel","16991.956521739132"
"2012-05-01 00:00:00","Silver","28.73086956521739"
"2012-05-01 00:00:00","Zinc","1930.804347826087"
"2012-06-01 00:00:00","Copper","3.349342105263158"
"2012-06-01 00:00:00","Gold","1599.9257142857143"
"2012-06-01 00:00:00","Iron Ore","137.9047619047619"
"2012-06-01 00:00:00","Nickel","16549.14285714286"
"2012-06-01 00:00:00","Silver","28.072380952380946"
"2012-06-01 00:00:00","Zinc","1858.702380952381"
"2012-07-01 00:00:00","Copper","3.436815789473684"
"2012-07-01 00:00:00","Gold","1592.5127272727273"
"2012-07-01 00:00:00","Iron Ore","133.22727272727272"
"2012-07-01 00:00:00","Nickel","16128.40909090909"
"2012-07-01 00:00:00","Silver","27.401363636363634"
"2012-07-01 00:00:00","Zinc","1847.75"
"2012-08-01 00:00:00","Copper","3.4159333333333333"
"2012-08-01 00:00:00","Gold","1629.7652173913043"
"2012-08-01 00:00:00","Iron Ore","115.65217391304348"
"2012-08-01 00:00:00","Nickel","15735.20652173913"
"2012-08-01 00:00:00","Silver","28.932173913043474"
"2012-08-01 00:00:00","Zinc","1818.1630434782608"
"2012-09-01 00:00:00","Copper","3.715638888888889"
"2012-09-01 00:00:00","Gold","1745.232"
"2012-09-01 00:00:00","Iron Ore","105.15"
"2012-09-01 00:00:00","Nickel","17287.9625"
"2012-09-01 00:00:00","Silver","33.777"
"2012-09-01 00:00:00","Zinc","2009.85"
"2012-10-01 00:00:00","Copper","3.67475"
"2012-10-01 00:00:00","Gold","1744.0556521739127"
"2012-10-01 00:00:00","Iron Ore","117.3913043478261"
"2012-10-01 00:00:00","Nickel","17168.739130434784"
"2012-10-01 00:00:00","Silver","33.11217391304348"
"2012-10-01 00:00:00","Zinc","1903.9586956521737"
"2012-11-01 00:00:00","Copper","3.4961874999999996"
"2012-11-01 00:00:00","Gold","1722.4159090909088"
"2012-11-01 00:00:00","Iron Ore","123.04545454545455"
"2012-11-01 00:00:00","Nickel","16335.363636363636"
"2012-11-01 00:00:00","Silver","32.80227272727273"
"2012-11-01 00:00:00","Zinc","1912.3977272727273"
"2012-12-01 00:00:00","Copper","3.627638888888889"
"2012-12-01 00:00:00","Gold","1682.5866666666664"
"2012-12-01 00:00:00","Iron Ore","130.47619047619048"
"2012-12-01 00:00:00","Nickel","17428.404761904763"
"2012-12-01 00:00:00","Silver","31.650000000000006"
"2012-12-01 00:00:00","Zinc","2040.1976190476191"
"2013-01-01 00:00:00","Copper","3.669886363636363"
"2013-01-01 00:00:00","Gold","1670.605217391304"
"2013-01-01 00:00:00","Iron Ore","151.34782608695653"
"2013-01-01 00:00:00","Nickel","17472.5"
"2013-01-01 00:00:00","Silver","31.12217391304348"
"2013-01-01 00:00:00","Zinc","2032.195652173913"
"2013-02-01 00:00:00","Copper","3.6925333333333326"
"2013-02-01 00:00:00","Gold","1626.471"
"2013-02-01 00:00:00","Iron Ore","155.9"
"2013-02-01 00:00:00","Nickel","17690.1"
"2013-02-01 00:00:00","Silver","30.198500000000003"
"2013-02-01 00:00:00","Zinc","2128.6875"
"2013-03-01 00:00:00","Copper","3.462605263157895"
"2013-03-01 00:00:00","Gold","1592.8519047619052"
"2013-03-01 00:00:00","Iron Ore","142"
"2013-03-01 00:00:00","Nickel","16724.928571428572"
"2013-03-01 00:00:00","Silver","28.7885"
"2013-03-01 00:00:00","Zinc","1926.0714285714287"
"2013-04-01 00:00:00","Copper","3.2803611111111106"
"2013-04-01 00:00:00","Gold","1484.6327272727274"
"2013-04-01 00:00:00","Iron Ore","139.63636363636363"
"2013-04-01 00:00:00","Nickel","15672.954545454546"
"2013-04-01 00:00:00","Silver","25.211818181818185"
"2013-04-01 00:00:00","Zinc","1856.0045454545455"
"2013-05-01 00:00:00","Copper","3.2994047619047624"
"2013-05-01 00:00:00","Gold","1415.8208695652174"
"2013-05-01 00:00:00","Iron Ore","128.7826086956522"
"2013-05-01 00:00:00","Nickel","14947.95652173913"
"2013-05-01 00:00:00","Silver","23.031304347826083"
"2013-05-01 00:00:00","Zinc","1831.554347826087"
"2013-06-01 00:00:00","Copper","3.166611111111111"
"2013-06-01 00:00:00","Gold","1341.5985000000003"
"2013-06-01 00:00:00","Iron Ore","116.95"
"2013-06-01 00:00:00","Nickel","14280.275"
"2013-06-01 00:00:00","Silver","21.067999999999998"
"2013-06-01 00:00:00","Zinc","1839.0125"
"2013-07-01 00:00:00","Copper","3.1434761904761905"
"2013-07-01 00:00:00","Gold","1287.0995652173915"
"2013-07-01 00:00:00","Iron Ore","127.6304347826087"
"2013-07-01 00:00:00","Nickel","13750.315217391304"
"2013-07-01 00:00:00","Silver","19.669130434782602"
"2013-07-01 00:00:00","Zinc","1837.6195652173913"
"2013-08-01 00:00:00","Copper","3.2790238095238093"
"2013-08-01 00:00:00","Gold","1352.9454545454546"
"2013-08-01 00:00:00","Iron Ore","137.72727272727272"
"2013-08-01 00:00:00","Nickel","14314.931818181818"
"2013-08-01 00:00:00","Silver","22.093636363636364"
"2013-08-01 00:00:00","Zinc","1898.8181818181818"
"2013-09-01 00:00:00","Copper","3.2705263157894744"
"2013-09-01 00:00:00","Gold","1350.3147619047622"
"2013-09-01 00:00:00","Iron Ore","136.5"
"2013-09-01 00:00:00","Nickel","13801.392857142857"
"2013-09-01 00:00:00","Silver","22.55"
"2013-09-01 00:00:00","Zinc","1846.8809523809523"
"2013-10-01 00:00:00","Copper","3.283452380952381"
"2013-10-01 00:00:00","Gold","1315.0934782608697"
"2013-10-01 00:00:00","Iron Ore","134.06521739130434"
"2013-10-01 00:00:00","Nickel","14117.652173913044"
"2013-10-01 00:00:00","Silver","21.95086956521739"
"2013-10-01 00:00:00","Zinc","1884.8369565217392"
"2013-11-01 00:00:00","Copper","3.2187222222222216"
"2013-11-01 00:00:00","Gold","1274.4133333333334"
"2013-11-01 00:00:00","Iron Ore","136.76190476190476"
"2013-11-01 00:00:00","Nickel","13684.011904761905"
"2013-11-01 00:00:00","Silver","20.656666666666666"
"2013-11-01 00:00:00","Zinc","1866.4166666666667"
"2013-12-01 00:00:00","Copper","3.3324642857142854"
"2013-12-01 00:00:00","Gold","1221.026818181818"
"2013-12-01 00:00:00","Iron Ore","137.8181818181818"
"2013-12-01 00:00:00","Nickel","13940.40909090909"
"2013-12-01 00:00:00","Silver","19.609545454545458"
"2013-12-01 00:00:00","Zinc","1984.7045454545455"
"2014-01-01 00:00:00","Copper","3.3502368421052626"
"2014-01-01 00:00:00","Gold","1243.4504347826087"
"2014-01-01 00:00:00","Iron Ore","132.56521739130434"
"2014-01-01 00:00:00","Nickel","14089.54347826087"
"2014-01-01 00:00:00","Silver","19.85"
"2014-01-01 00:00:00","Zinc","2037.6304347826087"
"2014-02-01 00:00:00","Copper","3.277625"
"2014-02-01 00:00:00","Gold","1302.0449999999998"
"2014-02-01 00:00:00","Iron Ore","123.3"
"2014-02-01 00:00:00","Nickel","14203.55"
"2014-02-01 00:00:00","Silver","20.851999999999997"
"2014-02-01 00:00:00","Zinc","2034.525"
"2014-03-01 00:00:00","Copper","3.074175"
"2014-03-01 00:00:00","Gold","1334.4790476190476"
"2014-03-01 00:00:00","Iron Ore","111.85714285714286"
"2014-03-01 00:00:00","Nickel","15678.095238095239"
"2014-03-01 00:00:00","Silver","20.62047619047619"
"2014-03-01 00:00:00","Zinc","2008.9404761904761"
"2014-04-01 00:00:00","Copper","3.0657857142857146"
"2014-04-01 00:00:00","Gold","1298.3036363636365"
"2014-04-01 00:00:00","Iron Ore","114.54545454545455"
"2014-04-01 00:00:00","Nickel","17419.363636363636"
"2014-04-01 00:00:00","Silver","19.66818181818182"
"2014-04-01 00:00:00","Zinc","2030.659090909091"
"2014-05-01 00:00:00","Copper","3.13455"
"2014-05-01 00:00:00","Gold","1287.828181818182"
"2014-05-01 00:00:00","Iron Ore","101.36363636363636"
"2014-05-01 00:00:00","Nickel","19357.409090909092"
"2014-05-01 00:00:00","Silver","19.295"
"2014-05-01 00:00:00","Zinc","2059.7272727272725"
"2014-06-01 00:00:00","Copper","3.0957631578947367"
"2014-06-01 00:00:00","Gold","1282.2100000000003"
"2014-06-01 00:00:00","Iron Ore","92.33333333333333"
"2014-06-01 00:00:00","Nickel","18628.809523809523"
"2014-06-01 00:00:00","Silver","19.857142857142854"
"2014-06-01 00:00:00","Zinc","2129.1666666666665"
"2014-07-01 00:00:00","Copper","3.227904761904762"
"2014-07-01 00:00:00","Gold","1311.2499999999998"
"2014-07-01 00:00:00","Iron Ore","96.26086956521739"
"2014-07-01 00:00:00","Nickel","19117.652173913044"
"2014-07-01 00:00:00","Silver","20.86565217391304"
"2014-07-01 00:00:00","Zinc","2311.2608695652175"
"2014-08-01 00:00:00","Copper","3.1588000000000003"
"2014-08-01 00:00:00","Gold","1295.327142857143"
"2014-08-01 00:00:00","Iron Ore","94.14285714285714"
"2014-08-01 00:00:00","Nickel","18603.428571428572"
"2014-08-01 00:00:00","Silver","19.686666666666664"
"2014-08-01 00:00:00","Zinc","2328.559523809524"
"2014-09-01 00:00:00","Copper","3.0982894736842104"
"2014-09-01 00:00:00","Gold","1237.7654545454543"
"2014-09-01 00:00:00","Iron Ore","84.52272727272727"
"2014-09-01 00:00:00","Nickel","18034.795454545456"
"2014-09-01 00:00:00","Silver","18.384999999999994"
"2014-09-01 00:00:00","Zinc","2296.2045454545455"
"2014-10-01 00:00:00","Copper","3.0324750000000003"
"2014-10-01 00:00:00","Gold","1222.7130434782607"
"2014-10-01 00:00:00","Iron Ore","81.30434782608695"
"2014-10-01 00:00:00","Nickel","15812.369565217392"
"2014-10-01 00:00:00","Silver","17.14260869565217"
"2014-10-01 00:00:00","Zinc","2277.032608695652"
"2014-11-01 00:00:00","Copper","3.005423076923077"
"2014-11-01 00:00:00","Gold","1176.498"
"2014-11-01 00:00:00","Iron Ore","74.425"
"2014-11-01 00:00:00","Nickel","15807.05"
"2014-11-01 00:00:00","Silver","15.969999999999999"
"2014-11-01 00:00:00","Zinc","2254.1875"
"2014-12-01 00:00:00","Copper","2.9022750000000004"
"2014-12-01 00:00:00","Gold","1199.0154545454543"
"2014-12-01 00:00:00","Iron Ore","68.67391304347827"
"2014-12-01 00:00:00","Nickel","15901"
"2014-12-01 00:00:00","Silver","16.17782608695652"
"2014-12-01 00:00:00","Zinc","2174.8478260869565"
"2015-01-01 00:00:00","Copper","2.6532249999999995"
"2015-01-01 00:00:00","Gold","1251.054090909091"
"2015-01-01 00:00:00","Iron Ore","69.06818181818181"
"2015-01-01 00:00:00","Nickel","14859.40909090909"
"2015-01-01 00:00:00","Silver","17.11318181818182"
"2015-01-01 00:00:00","Zinc","2117.2954545454545"
"2015-02-01 00:00:00","Copper","2.6189722222222227"
"2015-02-01 00:00:00","Gold","1226.6155"
"2015-02-01 00:00:00","Iron Ore","63.8"
"2015-02-01 00:00:00","Nickel","14573.8375"
"2015-02-01 00:00:00","Silver","16.772999999999996"
"2015-02-01 00:00:00","Zinc","2099.225"
"2015-03-01 00:00:00","Copper","2.707931818181818"
"2015-03-01 00:00:00","Gold","1179.0304545454546"
"2015-03-01 00:00:00","Iron Ore","58.18181818181818"
"2015-03-01 00:00:00","Nickel","13755.5"
"2015-03-01 00:00:00","Silver","16.21181818181818"
"2015-03-01 00:00:00","Zinc","2030.9545454545455"
"2015-04-01 00:00:00","Copper","2.7552999999999996"
"2015-04-01 00:00:00","Gold","1199.818181818182"
"2015-04-01 00:00:00","Iron Ore","52.11363636363637"
"2015-04-01 00:00:00","Nickel","12844.204545454546"
"2015-04-01 00:00:00","Silver","16.337727272727275"
"2015-04-01 00:00:00","Zinc","2205.431818181818"
"2015-05-01 00:00:00","Copper","2.8933750000000003"
"2015-05-01 00:00:00","Gold","1198.5719047619048"
"2015-05-01 00:00:00","Iron Ore","60.42857142857143"
"2015-05-01 00:00:00","Nickel","13487.52380952381"
"2015-05-01 00:00:00","Silver","16.814047619047617"
"2015-05-01 00:00:00","Zinc","2279.8571428571427"
"2015-06-01 00:00:00","Copper","2.673404761904762"
"2015-06-01 00:00:00","Gold","1181.9022727272727"
"2015-06-01 00:00:00","Iron Ore","61.84090909090909"
"2015-06-01 00:00:00","Nickel","12825.227272727272"
"2015-06-01 00:00:00","Silver","16.053522727272725"
"2015-06-01 00:00:00","Zinc","2084.306818181818"
"2015-07-01 00:00:00","Copper","2.489375"
"2015-07-01 00:00:00","Gold","1130.2004347826085"
"2015-07-01 00:00:00","Iron Ore","52.17391304347826"
"2015-07-01 00:00:00","Nickel","11413.097826086956"
"2015-07-01 00:00:00","Silver","15.06203043478261"
"2015-07-01 00:00:00","Zinc","2005.304347826087"
"2015-08-01 00:00:00","Copper","2.336794117647059"
"2015-08-01 00:00:00","Gold","1119.1209523809525"
"2015-08-01 00:00:00","Iron Ore","57.333333333333336"
"2015-08-01 00:00:00","Nickel","10369.190476190477"
"2015-08-01 00:00:00","Silver","14.913333333333334"
"2015-08-01 00:00:00","Zinc","1812.7738095238096"
"2015-09-01 00:00:00","Copper","2.3715952380952383"
"2015-09-01 00:00:00","Gold","1124.9495454545458"
"2015-09-01 00:00:00","Iron Ore","56.97727272727273"
"2015-09-01 00:00:00","Nickel","9937.545454545454"
"2015-09-01 00:00:00","Silver","14.743181818181819"
"2015-09-01 00:00:00","Zinc","1733.5681818181818"
"2015-10-01 00:00:00","Copper","2.3692894736842107"
"2015-10-01 00:00:00","Gold","1157.5031818181817"
"2015-10-01 00:00:00","Iron Ore","53.65909090909091"
"2015-10-01 00:00:00","Nickel","10316.829545454546"
"2015-10-01 00:00:00","Silver","15.742727272727269"
"2015-10-01 00:00:00","Zinc","1746.659090909091"
"2015-11-01 00:00:00","Copper","2.137888888888889"
"2015-11-01 00:00:00","Gold","1084.5714285714284"
"2015-11-01 00:00:00","Iron Ore","47.19047619047619"
"2015-11-01 00:00:00","Nickel","9244.333333333334"
"2015-11-01 00:00:00","Silver","14.426904761904758"
"2015-11-01 00:00:00","Zinc","1577.8333333333333"
"2015-12-01 00:00:00","Copper","2.0808"
"2015-12-01 00:00:00","Gold","1068.53347826087"
"2015-12-01 00:00:00","Iron Ore","40.88260869565217"
"2015-12-01 00:00:00","Nickel","8698.369565217392"
"2015-12-01 00:00:00","Silver","14.08052173913043"
"2015-12-01 00:00:00","Zinc","1544.840909090909"
"2016-01-01 00:00:00","Copper","2.004277777777778"
"2016-01-01 00:00:00","Gold","1096.1638095238095"
"2016-01-01 00:00:00","Iron Ore","42.204761904761895"
"2016-01-01 00:00:00","Nickel","8520.27380952381"
"2016-01-01 00:00:00","Silver","14.058761904761907"
"2016-01-01 00:00:00","Zinc","1529.357142857143"
"2016-02-01 00:00:00","Copper","2.0718611111111107"
"2016-02-01 00:00:00","Gold","1201.2019047619044"
"2016-02-01 00:00:00","Iron Ore","46.48571428571427"
"2016-02-01 00:00:00","Nickel","8298.5"
"2016-02-01 00:00:00","Silver","15.115142857142857"
"2016-02-01 00:00:00","Zinc","1712.921052631579"
"2016-03-01 00:00:00","Copper","2.231642857142857"
"2016-03-01 00:00:00","Gold","1243.3526086956522"
"2016-03-01 00:00:00","Iron Ore","56.5391304347826"
"2016-03-01 00:00:00","Nickel","8708.119565217392"
"2016-03-01 00:00:00","Silver","15.39282608695652"
"2016-03-01 00:00:00","Zinc","1811.0238095238096"
"2016-04-01 00:00:00","Copper","2.170611111111111"
"2016-04-01 00:00:00","Gold","1241.728095238095"
"2016-04-01 00:00:00","Iron Ore","60.96666666666664"
"2016-04-01 00:00:00","Nickel","8878.857142857143"
"2016-04-01 00:00:00","Silver","16.28490476190476"
"2016-04-01 00:00:00","Zinc","1868.425"
"2016-05-01 00:00:00","Copper","2.1109090909090904"
"2016-05-01 00:00:00","Gold","1256.0222727272728"
"2016-05-01 00:00:00","Iron Ore","55.88636363636363"
"2016-05-01 00:00:00","Nickel","8681.59090909091"
"2016-05-01 00:00:00","Silver","16.82318181818182"
"2016-05-01 00:00:00","Zinc","1874.725"
"2016-06-01 00:00:00","Copper","2.0998571428571426"
"2016-06-01 00:00:00","Gold","1275.7931818181817"
"2016-06-01 00:00:00","Iron Ore","52.34090909090909"
"2016-06-01 00:00:00","Nickel","8928.352272727272"
"2016-06-01 00:00:00","Silver","17.230409090909088"
"2016-06-01 00:00:00","Zinc","2032.3181818181818"
"2016-07-01 00:00:00","Copper","2.208675"
"2016-07-01 00:00:00","Gold","1339.4104761904764"
"2016-07-01 00:00:00","Iron Ore","57.30952380952381"
"2016-07-01 00:00:00","Nickel","10262.857142857143"
"2016-07-01 00:00:00","Silver","19.988904761904763"
"2016-07-01 00:00:00","Zinc","2185.4166666666665"
"2016-08-01 00:00:00","Copper","2.1508421052631577"
"2016-08-01 00:00:00","Gold","1338.0082608695652"
"2016-08-01 00:00:00","Iron Ore","60.869565217391305"
"2016-08-01 00:00:00","Nickel","10310.826086956522"
"2016-08-01 00:00:00","Silver","19.48095652173913"
"2016-08-01 00:00:00","Zinc","2279.8863636363635"
"2016-09-01 00:00:00","Copper","2.128815789473684"
"2016-09-01 00:00:00","Gold","1326.2127272727273"
"2016-09-01 00:00:00","Iron Ore","57.65909090909091"
"2016-09-01 00:00:00","Nickel","10191.78409090909"
"2016-09-01 00:00:00","Silver","19.290136363636364"
"2016-09-01 00:00:00","Zinc","2299.840909090909"
"2016-10-01 00:00:00","Copper","2.146194444444445"
"2016-10-01 00:00:00","Gold","1265.4476190476191"
"2016-10-01 00:00:00","Iron Ore","58.95238095238095"
"2016-10-01 00:00:00","Nickel","10259.738095238095"
"2016-10-01 00:00:00","Silver","17.623999999999995"
"2016-10-01 00:00:00","Zinc","2322.4761904761904"
"2016-11-01 00:00:00","Copper","2.4583611111111114"
"2016-11-01 00:00:00","Gold","1233.7300000000002"
"2016-11-01 00:00:00","Iron Ore","74.13636363636364"
"2016-11-01 00:00:00","Nickel","11128.90909090909"
"2016-11-01 00:00:00","Silver","17.297045454545454"
"2016-11-01 00:00:00","Zinc","2580.5454545454545"
"2016-12-01 00:00:00","Copper","2.5702"
"2016-12-01 00:00:00","Gold","1150.1813636363636"
"2016-12-01 00:00:00","Iron Ore","79.43181818181819"
"2016-12-01 00:00:00","Nickel","10916.045454545454"
"2016-12-01 00:00:00","Silver","16.349999999999998"
"2016-12-01 00:00:00","Zinc","2682.35"
"2017-01-01 00:00:00","Copper","2.6050625"
"2017-01-01 00:00:00","Gold","1194.1447619047617"
"2017-01-01 00:00:00","Iron Ore","80.81818181818181"
"2017-01-01 00:00:00","Nickel","9971.125"
"2017-01-01 00:00:00","Silver","16.863619047619046"
"2017-01-01 00:00:00","Zinc","2728.4523809523807"
"2017-02-01 00:00:00","Copper","2.69890625"
"2017-02-01 00:00:00","Gold","1234.904"
"2017-02-01 00:00:00","Iron Ore","88.95"
"2017-02-01 00:00:00","Nickel","10643.3"
"2017-02-01 00:00:00","Silver","17.9013"
"2017-02-01 00:00:00","Zinc","2843.675"
"2017-03-01 00:00:00","Copper","2.640695652173913"
"2017-03-01 00:00:00","Gold","1230.9078260869567"
"2017-03-01 00:00:00","Iron Ore","87.19565217391305"
"2017-03-01 00:00:00","Nickel","10204.66304347826"
"2017-03-01 00:00:00","Silver","17.595695652173912"
"2017-03-01 00:00:00","Zinc","2793.304347826087"
"2017-04-01 00:00:00","Copper","2.585868421052631"
"2017-04-01 00:00:00","Gold","1270.5635"
"2017-04-01 00:00:00","Iron Ore","70.4"
"2017-04-01 00:00:00","Nickel","9617.875"
"2017-04-01 00:00:00","Silver","18.028200000000002"
"2017-04-01 00:00:00","Zinc","2636.5"
"2017-05-01 00:00:00","Copper","2.5509125000000004"
"2017-05-01 00:00:00","Gold","1245.9992346153847"
"2017-05-01 00:00:00","Iron Ore","61.630434782608695"
"2017-05-01 00:00:00","Nickel","9160.934782608696"
"2017-05-01 00:00:00","Silver","16.77479615384615"
"2017-05-01 00:00:00","Zinc","2602.809523809524"
"2017-06-01 00:00:00","Copper","2.5996695652173907"
"2017-06-01 00:00:00","Gold","1260.5292000000002"
"2017-06-01 00:00:00","Iron Ore","57.86363636363637"
"2017-06-01 00:00:00","Nickel","8931.761363636364"
"2017-06-01 00:00:00","Silver","16.923131999999995"
"2017-06-01 00:00:00","Zinc","2584.159090909091"
"2017-07-01 00:00:00","Copper","2.725109523809524"
"2017-07-01 00:00:00","Gold","1237.1109523809525"
"2017-07-01 00:00:00","Iron Ore","66.73809523809524"
"2017-07-01 00:00:00","Nickel","9491.392857142857"
"2017-07-01 00:00:00","Silver","16.16742857142857"
"2017-07-01 00:00:00","Zinc","2789.214285714286"
"2017-08-01 00:00:00","Copper","2.9576875000000005"
"2017-08-01 00:00:00","Gold","1283.8586956521738"
"2017-08-01 00:00:00","Iron Ore","74.58695652173913"
"2017-08-01 00:00:00","Nickel","10913.282608695652"
"2017-08-01 00:00:00","Silver","16.915434782608695"
"2017-08-01 00:00:00","Zinc","2992.659090909091"
"2017-09-01 00:00:00","Copper","2.98405"
"2017-09-01 00:00:00","Gold","1314.9166666666667"
"2017-09-01 00:00:00","Iron Ore","69.23809523809524"
"2017-09-01 00:00:00","Nickel","11215.785714285714"
"2017-09-01 00:00:00","Silver","17.416047619047617"
"2017-09-01 00:00:00","Zinc","3101.785714285714"
"2017-10-01 00:00:00","Copper","3.095168181818181"
"2017-10-01 00:00:00","Gold","1280.5104545454549"
"2017-10-01 00:00:00","Iron Ore","61.04545454545455"
"2017-10-01 00:00:00","Nickel","11335.772727272728"
"2017-10-01 00:00:00","Silver","16.913318181818177"
"2017-10-01 00:00:00","Zinc","3208.4772727272725"
"2017-11-01 00:00:00","Copper","3.0923636363636358"
"2017-11-01 00:00:00","Gold","1281.865"
"2017-11-01 00:00:00","Iron Ore","63.40909090909091"
"2017-11-01 00:00:00","Nickel","11972"
"2017-11-01 00:00:00","Silver","16.9705"
"2017-11-01 00:00:00","Zinc","3194.431818181818"
"2017-12-01 00:00:00","Copper","3.089977272727273"
"2017-12-01 00:00:00","Gold","1268.0395238095236"
"2017-12-01 00:00:00","Iron Ore","71.73809523809524"
"2017-12-01 00:00:00","Nickel","11550.095238095239"
"2017-12-01 00:00:00","Silver","16.1838"
"2017-12-01 00:00:00","Zinc","3190.5789473684213"
"2018-01-01 00:00:00","Copper","3.194672727272727"
"2018-01-01 00:00:00","Gold","1332.2278260869568"
"2018-01-01 00:00:00","Iron Ore","75.78260869565217"
"2018-01-01 00:00:00","Nickel","12857.945652173914"
"2018-01-01 00:00:00","Silver","17.145695652173913"
"2018-01-01 00:00:00","Zinc","3409.5454545454545"
"2018-02-01 00:00:00","Copper","3.1582238095238093"
"2018-02-01 00:00:00","Gold","1331.6490954545454"
"2018-02-01 00:00:00","Iron Ore","77.65"
"2018-02-01 00:00:00","Nickel","13595.875"
"2018-02-01 00:00:00","Silver","16.604200000000002"
"2018-02-01 00:00:00","Zinc","3498.375"
"2018-03-01 00:00:00","Copper","3.070282608695652"
"2018-03-01 00:00:00","Gold","1325.911818181818"
"2018-03-01 00:00:00","Iron Ore","71.31818181818181"
"2018-03-01 00:00:00","Nickel","13386.15909090909"
"2018-03-01 00:00:00","Silver","16.446863636363638"
"2018-03-01 00:00:00","Zinc","3269"
"2018-04-01 00:00:00","Copper","3.0900227272727276"
"2018-04-01 00:00:00","Gold","1334.6047619047622"
"2018-04-01 00:00:00","Iron Ore","66.33333333333333"
"2018-04-01 00:00:00","Nickel","13905.47619047619"
"2018-04-01 00:00:00","Silver","16.592123809523816"
"2018-04-01 00:00:00","Zinc","3193.625"
"2018-05-01 00:00:00","Copper","3.0630249999999997"
"2018-05-01 00:00:00","Gold","1302.777395652174"
"2018-05-01 00:00:00","Iron Ore","66.6304347826087"
"2018-05-01 00:00:00","Nickel","14364.967391304348"
"2018-05-01 00:00:00","Silver","16.44221739130435"
"2018-05-01 00:00:00","Zinc","3070.309523809524"
"2018-06-01 00:00:00","Copper","3.117142857142857"
"2018-06-01 00:00:00","Gold","1279.8519095238096"
"2018-06-01 00:00:00","Iron Ore","66.85714285714286"
"2018-06-01 00:00:00","Nickel","15105.654761904761"
"2018-06-01 00:00:00","Silver","16.47219047619048"
"2018-06-01 00:00:00","Zinc","3051.9285714285716"
"2018-07-01 00:00:00","Copper","2.793727272727273"
"2018-07-01 00:00:00","Gold","1237.303190909091"
"2018-07-01 00:00:00","Iron Ore","67.04545454545455"
"2018-07-01 00:00:00","Nickel","13793.863636363636"
"2018-07-01 00:00:00","Silver","15.688636363636364"
"2018-07-01 00:00:00","Zinc","2618.8863636363635"
"2018-08-01 00:00:00","Copper","2.692934782608696"
"2018-08-01 00:00:00","Gold","1199.9452260869566"
"2018-08-01 00:00:00","Iron Ore","68.02173913043478"
"2018-08-01 00:00:00","Nickel","13408.16304347826"
"2018-08-01 00:00:00","Silver","14.92069565217391"
"2018-08-01 00:00:00","Zinc","2491.568181818182"
"2018-09-01 00:00:00","Copper","2.686952380952381"
"2018-09-01 00:00:00","Gold","1197.5200050000003"
"2018-09-01 00:00:00","Iron Ore","68.8"
"2018-09-01 00:00:00","Nickel","12510.35"
"2018-09-01 00:00:00","Silver","14.21545"
"2018-09-01 00:00:00","Zinc","2431.6"
"2018-10-01 00:00:00","Copper","2.759983333333334"
"2018-10-01 00:00:00","Gold","1214.8391347826087"
"2018-10-01 00:00:00","Iron Ore","72.02173913043478"
"2018-10-01 00:00:00","Nickel","12314.91304347826"
"2018-10-01 00:00:00","Silver","14.533304347826085"
"2018-10-01 00:00:00","Zinc","2627.6739130434785"
"2018-11-01 00:00:00","Copper","2.7528590909090904"
"2018-11-01 00:00:00","Gold","1220.5817347826087"
"2018-11-01 00:00:00","Iron Ore","72.29545454545455"
"2018-11-01 00:00:00","Nickel","11239.71590909091"
"2018-11-01 00:00:00","Silver","14.350086956521737"
"2018-11-01 00:00:00","Zinc","2518.5454545454545"
"2018-12-01 00:00:00","Copper","2.723375"
"2018-12-01 00:00:00","Gold","1251.4466619047619"
"2018-12-01 00:00:00","Iron Ore","68.9047619047619"
"2018-12-01 00:00:00","Nickel","10831.833333333334"
"2018-12-01 00:00:00","Silver","14.732"
"2018-12-01 00:00:00","Zinc","2542.657894736842"
"2019-01-01 00:00:00","Copper","2.6828909090909097"
"2019-01-01 00:00:00","Gold","1291.6166541666669"
"2019-01-01 00:00:00","Iron Ore","75.19999999999999"
"2019-01-01 00:00:00","Nickel","11483.152173913044"
"2019-01-01 00:00:00","Silver","15.604565217391306"
"2019-01-01 00:00:00","Zinc","2546.7727272727275"
"2019-02-01 00:00:00","Copper","2.8551300000000004"
"2019-02-01 00:00:00","Gold","1318.883005"
"2019-02-01 00:00:00","Iron Ore","87.59"
"2019-02-01 00:00:00","Nickel","12685.225"
"2019-02-01 00:00:00","Silver","15.794"
"2019-02-01 00:00:00","Zinc","2693.575"
"2019-03-01 00:00:00","Copper","2.8997380952380944"
"2019-03-01 00:00:00","Gold","1300.2317136363638"
"2019-03-01 00:00:00","Iron Ore","87.07142857142857"
"2019-03-01 00:00:00","Nickel","13026.27380952381"
"2019-03-01 00:00:00","Silver","15.280527272727277"
"2019-03-01 00:00:00","Zinc","2812.8571428571427"
"2019-04-01 00:00:00","Copper","2.9200714285714287"
"2019-04-01 00:00:00","Gold","1285.3374999999999"
"2019-04-01 00:00:00","Iron Ore","94.5"
"2019-04-01 00:00:00","Nickel","12755.988636363636"
"2019-04-01 00:00:00","Silver","15.026363636363639"
"2019-04-01 00:00:00","Zinc","2841.3809523809523"
"2019-05-01 00:00:00","Copper","2.7419086956521737"
"2019-05-01 00:00:00","Gold","1283.7528217391302"
"2019-05-01 00:00:00","Iron Ore","101.76086956521739"
"2019-05-01 00:00:00","Nickel","12035.91304347826"
"2019-05-01 00:00:00","Silver","14.634604347826084"
"2019-05-01 00:00:00","Zinc","2613.4880952380954"
"2019-06-01 00:00:00","Copper","2.678425"
"2019-06-01 00:00:00","Gold","1361.2878749999998"
"2019-06-01 00:00:00","Iron Ore","109.55"
"2019-06-01 00:00:00","Nickel","11943.9375"
"2019-06-01 00:00:00","Silver","15.02285"
"2019-06-01 00:00:00","Zinc","2484.775"
"2019-07-01 00:00:00","Copper","2.685952173913044"
"2019-07-01 00:00:00","Gold","1415.4060826086954"
"2019-07-01 00:00:00","Iron Ore","119.58695652173913"
"2019-07-01 00:00:00","Nickel","13546.304347826086"
"2019-07-01 00:00:00","Silver","15.761630434782608"
"2019-07-01 00:00:00","Zinc","2434.8695652173915"
"2019-08-01 00:00:00","Copper","2.5724318181818187"
"2019-08-01 00:00:00","Gold","1503.1227318181818"
"2019-08-01 00:00:00","Iron Ore","93.5"
"2019-08-01 00:00:00","Nickel","15747.477272727272"
"2019-08-01 00:00:00","Silver","17.18545454545454"
"2019-08-01 00:00:00","Zinc","2279.9166666666665"
"2019-09-01 00:00:00","Copper","2.5931809523809526"
"2019-09-01 00:00:00","Gold","1507.8507142857145"
"2019-09-01 00:00:00","Iron Ore","92.26190476190476"
"2019-09-01 00:00:00","Nickel","17656.880952380954"
"2019-09-01 00:00:00","Silver","18.11520476190476"
"2019-09-01 00:00:00","Zinc","2316.3690476190477"
"2019-10-01 00:00:00","Copper","2.6116521739130434"
"2019-10-01 00:00:00","Gold","1494.7267347826087"
"2019-10-01 00:00:00","Iron Ore","88.58695652173913"
"2019-10-01 00:00:00","Nickel","17046.217391304348"
"2019-10-01 00:00:00","Silver","17.62168260869565"
"2019-10-01 00:00:00","Zinc","2414.586956521739"
"2019-11-01 00:00:00","Copper","2.6534"
"2019-11-01 00:00:00","Gold","1470.1866095238095"
"2019-11-01 00:00:00","Iron Ore","82.9047619047619"
"2019-11-01 00:00:00","Nickel","15171.809523809523"
"2019-11-01 00:00:00","Silver","17.147538095238094"
"2019-11-01 00:00:00","Zinc","2393.1666666666665"
"2019-12-01 00:00:00","Copper","2.7654190476190474"
"2019-12-01 00:00:00","Gold","1481.7790761904762"
"2019-12-01 00:00:00","Iron Ore","90.97727272727273"
"2019-12-01 00:00:00","Nickel","13869.477272727272"
"2019-12-01 00:00:00","Silver","17.169961904761905"
"2019-12-01 00:00:00","Zinc","2270"
"2020-01-01 00:00:00","Copper","2.7517954545454546"
"2020-01-01 00:00:00","Gold","1561.0251272727276"
"2020-01-01 00:00:00","Iron Ore","95.21739130434783"
"2020-01-01 00:00:00","Nickel","13526.130434782608"
"2020-01-01 00:00:00","Silver","17.97051818181818"
"2020-01-01 00:00:00","Zinc","2339.7727272727275"
"2020-02-01 00:00:00","Copper","2.579195"
"2020-02-01 00:00:00","Gold","1595.9989684210527"
"2020-02-01 00:00:00","Iron Ore","87.625"
"2020-02-01 00:00:00","Nickel","12715.55"
"2020-02-01 00:00:00","Silver","17.856326315789474"
"2020-02-01 00:00:00","Zinc","2128.4625"
"2020-03-01 00:00:00","Copper","2.366757142857142"
"2020-03-01 00:00:00","Gold","1592.2491045454544"
"2020-03-01 00:00:00","Iron Ore","88.6590909090909"
"2020-03-01 00:00:00","Nickel","11846.227272727272"
"2020-03-01 00:00:00","Silver","14.969654545454546"
"2020-03-01 00:00:00","Zinc","1922.3181818181818"
"2020-04-01 00:00:00","Copper","2.3005238095238094"
"2020-04-01 00:00:00","Gold","1684.9927166666664"
"2020-04-01 00:00:00","Iron Ore","83.75"
"2020-04-01 00:00:00","Nickel","11785.417727272727"
"2020-04-01 00:00:00","Silver","15.112452380952382"
"2020-04-01 00:00:00","Zinc","1911.55"
"2020-05-01 00:00:00","Copper","2.3856904761904767"
"2020-05-01 00:00:00","Gold","1717.9191066666667"
"2020-05-01 00:00:00","Iron Ore","91.33333333333333"
"2020-05-01 00:00:00","Nickel","12183.785714285714"
"2020-05-01 00:00:00","Silver","16.32630952380952"
"2020-05-01 00:00:00","Zinc","1975.7105263157894"
"2020-06-01 00:00:00","Copper","2.598204545454545"
"2020-06-01 00:00:00","Gold","1736.1831277272724"
"2020-06-01 00:00:00","Iron Ore","103.3409090909091"
"2020-06-01 00:00:00","Nickel","12727.152272727271"
"2020-06-01 00:00:00","Silver","17.72472727272727"
"2020-06-01 00:00:00","Zinc","2032.0681818181818"
"2020-07-01 00:00:00","Copper","2.8656136363636366"
"2020-07-01 00:00:00","Gold","1849.298386818182"
"2020-07-01 00:00:00","Iron Ore","108.02173913043478"
"2020-07-01 00:00:00","Nickel","13402.303913043477"
"2020-07-01 00:00:00","Silver","20.633739130434783"
"2020-07-01 00:00:00","Zinc","2186.891304347826"
"2020-08-01 00:00:00","Copper","2.91695238095238"
"2020-08-01 00:00:00","Gold","1970.8027404761906"
"2020-08-01 00:00:00","Iron Ore","120.07142857142857"
"2020-08-01 00:00:00","Nickel","14575.782857142858"
"2020-08-01 00:00:00","Silver","27.055242857142854"
"2020-08-01 00:00:00","Zinc","2424.775"
"2020-09-01 00:00:00","Copper","3.005659090909091"
"2020-09-01 00:00:00","Gold","1923.1216718181815"
"2020-09-01 00:00:00","Iron Ore","123"
"2020-09-01 00:00:00","Nickel","14857.488636363636"
"2020-09-01 00:00:00","Silver","25.827954545454546"
"2020-09-01 00:00:00","Zinc","2467.1363636363635"
"2020-10-01 00:00:00","Copper","3.056409090909091"
"2020-10-01 00:00:00","Gold","1899.755550909091"
"2020-10-01 00:00:00","Iron Ore","119.25"
"2020-10-01 00:00:00","Nickel","15239.363636363636"
"2020-10-01 00:00:00","Silver","24.208181818181814"
"2020-10-01 00:00:00","Zinc","2457.068181818182"
"2020-11-01 00:00:00","Copper","3.22297619047619"
"2020-11-01 00:00:00","Gold","1865.445830952381"
"2020-11-01 00:00:00","Iron Ore","123.52380952380952"
"2020-11-01 00:00:00","Nickel","15807.733333333334"
"2020-11-01 00:00:00","Silver","24.05078095238095"
"2020-11-01 00:00:00","Zinc","2684.8571428571427"
"2020-12-01 00:00:00","Copper","3.5407499999999996"
"2020-12-01 00:00:00","Gold","1860.1271313043485"
"2020-12-01 00:00:00","Iron Ore","153.06521739130434"
"2020-12-01 00:00:00","Nickel","16832.47"
"2020-12-01 00:00:00","Silver","25.06304782608695"
"2020-12-01 00:00:00","Zinc","2805.440476190476"
"2021-01-01 00:00:00","Copper","3.61845"
"2021-01-01 00:00:00","Gold","1866.2518414285712"
"2021-01-01 00:00:00","Iron Ore","166.73809523809524"
"2021-01-01 00:00:00","Nickel","17800.810476190476"
"2021-01-01 00:00:00","Silver","25.897252380952377"
"2021-01-01 00:00:00","Zinc","2727.1"
"2021-02-01 00:00:00","Copper","3.848825"
"2021-02-01 00:00:00","Gold","1808.0867260000002"
"2021-02-01 00:00:00","Iron Ore","162.325"
"2021-02-01 00:00:00","Nickel","18584.379999999997"
"2021-02-01 00:00:00","Silver","27.277180952380956"
"2021-02-01 00:00:00","Zinc","2765.325"
"2021-03-01 00:00:00","Copper","4.087565217391305"
"2021-03-01 00:00:00","Gold","1721.4059178260866"
"2021-03-01 00:00:00","Iron Ore","166.7391304347826"
"2021-03-01 00:00:00","Nickel","16406.66043478261"
"2021-03-01 00:00:00","Silver","25.604726086956514"
"2021-03-01 00:00:00","Zinc","2805.8152173913045"
"2021-04-01 00:00:00","Copper","4.2324761904761905"
"2021-04-01 00:00:00","Gold","1759.017990909091"
"2021-04-01 00:00:00","Iron Ore","178.25"
"2021-04-01 00:00:00","Nickel","16489.090909090908"
"2021-04-01 00:00:00","Silver","25.6463"
"2021-04-01 00:00:00","Zinc","2848.2125"
"2021-05-01 00:00:00","Copper","4.636761904761904"
"2021-05-01 00:00:00","Gold","1852.4900185714282"
"2021-05-01 00:00:00","Iron Ore","202.85714285714286"
"2021-05-01 00:00:00","Nickel","17604.52619047619"
"2021-05-01 00:00:00","Silver","27.5103"
"2021-05-01 00:00:00","Zinc","2985.2236842105262"
"2021-06-01 00:00:00","Copper","4.389318181818182"
"2021-06-01 00:00:00","Gold","1831.892950454545"
"2021-06-01 00:00:00","Iron Ore","214.75"
"2021-06-01 00:00:00","Nickel","17979.56590909091"
"2021-06-01 00:00:00","Silver","26.913086363636356"
"2021-06-01 00:00:00","Zinc","2968.8295454545455"
"2021-07-01 00:00:00","Copper","4.352840909090907"
"2021-07-01 00:00:00","Gold","1805.6459972727278"
"2021-07-01 00:00:00","Iron Ore","214.3409090909091"
"2021-07-01 00:00:00","Nickel","18818.511363636364"
"2021-07-01 00:00:00","Silver","25.69255454545455"
"2021-07-01 00:00:00","Zinc","2959.875"
"2021-08-01 00:00:00","Copper","4.292886363636364"
"2021-08-01 00:00:00","Gold","1786.1583086363637"
"2021-08-01 00:00:00","Iron Ore","162.0909090909091"
"2021-08-01 00:00:00","Nickel","19136.66909090909"
"2021-08-01 00:00:00","Silver","23.95387272727273"
"2021-08-01 00:00:00","Zinc","2992.3809523809523"
"2021-09-01 00:00:00","Copper","4.311576923076923"
"2021-09-01 00:00:00","Gold","1795.0359876923078"
"2021-09-01 00:00:00","Iron Ore","129.34615384615384"
"2021-09-01 00:00:00","Nickel","19732.76923076923"
"2021-09-01 00:00:00","Silver","23.856653846153847"
"2021-09-01 00:00:00","Zinc","3045.7115384615386"
"2021-10-01 00:00:00","Copper","4.449238095238094"
"2021-10-01 00:00:00","Gold","1776.2989404761906"
"2021-10-01 00:00:00","Iron Ore","114.47619047619048"
"2021-10-01 00:00:00","Nickel","19362.39285714286"
"2021-10-01 00:00:00","Silver","23.374119047619047"
"2021-10-01 00:00:00","Zinc","3340.035714285714"
"2021-11-01 00:00:00","Copper","4.368113636363637"
"2021-11-01 00:00:00","Gold","1817.9034131818182"
"2021-11-01 00:00:00","Iron Ore","91.0909090909091"
"2021-11-01 00:00:00","Nickel","19932.863181818182"
"2021-11-01 00:00:00","Silver","24.128445454545446"
"2021-11-01 00:00:00","Zinc","3261.840909090909"
"2021-12-01 00:00:00","Copper","4.3362954545454535"
"2021-12-01 00:00:00","Gold","1793.3981976000005"
"2021-12-01 00:00:00","Iron Ore","110.45652173913044"
"2021-12-01 00:00:00","Nickel","20026.19652173913"
"2021-12-01 00:00:00","Silver","22.531575999999994"
"2021-12-01 00:00:00","Zinc","3356.9761904761904"
"2022-01-01 00:00:00","Copper","4.439309523809525"
"2022-01-01 00:00:00","Gold","1814.8530763999997"
"2022-01-01 00:00:00","Iron Ore","127.33333333333333"
"2022-01-01 00:00:00","Nickel","22285.166666666668"
"2022-01-01 00:00:00","Silver","23.101875999999997"
"2022-01-01 00:00:00","Zinc","3574.475"
"2022-02-01 00:00:00","Copper","4.502275"
"2022-02-01 00:00:00","Gold","1856.7874490909091"
"2022-02-01 00:00:00","Iron Ore","139.7"
"2022-02-01 00:00:00","Nickel","24015.55"
"2022-02-01 00:00:00","Silver","23.47202727272727"
"2022-02-01 00:00:00","Zinc","3609.925"
"2022-03-01 00:00:00","Copper","4.6869130434782615"
"2022-03-01 00:00:00","Gold","1951.525918695652"
"2022-03-01 00:00:00","Iron Ore","147.34782608695653"
"2022-03-01 00:00:00","Nickel","37652.04347826087"
"2022-03-01 00:00:00","Silver","25.27741304347826"
"2022-03-01 00:00:00","Zinc","3955.7391304347825"
"2022-04-01 00:00:00","Copper","4.646925"
"2022-04-01 00:00:00","Gold","1936.993921428571"
"2022-04-01 00:00:00","Iron Ore","146.66666666666666"
"2022-04-01 00:00:00","Nickel","33133.80952380953"
"2022-04-01 00:00:00","Silver","24.562580952380955"
"2022-04-01 00:00:00","Zinc","4309.289473684211"
"2022-05-01 00:00:00","Copper","4.250909090909091"
"2022-05-01 00:00:00","Gold","1848.0821349999999"
"2022-05-01 00:00:00","Iron Ore","131.0909090909091"
"2022-05-01 00:00:00","Nickel","28228.886818181818"
"2022-05-01 00:00:00","Silver","21.8617"
"2022-05-01 00:00:00","Zinc","3737.6190476190477"
"2022-06-01 00:00:00","Copper","4.116295454545455"
"2022-06-01 00:00:00","Gold","1836.7642640909094"
"2022-06-01 00:00:00","Iron Ore","131.04545454545453"
"2022-06-01 00:00:00","Nickel","25877.06818181818"
"2022-06-01 00:00:00","Silver","21.490136363636363"
"2022-06-01 00:00:00","Zinc","3571"
"2022-07-01 00:00:00","Copper","3.400809523809524"
"2022-07-01 00:00:00","Gold","1736.4844099999998"
"2022-07-01 00:00:00","Iron Ore","109.04761904761905"
"2022-07-01 00:00:00","Nickel","21481.89285714286"
"2022-07-01 00:00:00","Silver","19.088533333333334"
"2022-07-01 00:00:00","Zinc","3026.9523809523807"
"2022-08-01 00:00:00","Copper","3.60824347826087"
"2022-08-01 00:00:00","Gold","1763.07483"
"2022-08-01 00:00:00","Iron Ore","109.06521739130434"
"2022-08-01 00:00:00","Nickel","22034.891304347828"
"2022-08-01 00:00:00","Silver","19.679799999999997"
"2022-08-01 00:00:00","Zinc","3499.1363636363635"
"2022-09-01 00:00:00","Copper","3.466727272727273"
"2022-09-01 00:00:00","Gold","1680.7288795454544"
"2022-09-01 00:00:00","Iron Ore","100.8409090909091"
"2022-09-01 00:00:00","Nickel","22773.966363636366"
"2022-09-01 00:00:00","Silver","18.905627272727273"
"2022-09-01 00:00:00","Zinc","3102.090909090909"
"2022-10-01 00:00:00","Copper","3.4403095238095243"
"2022-10-01 00:00:00","Gold","1665.6766785714287"
"2022-10-01 00:00:00","Iron Ore","94.61904761904762"
"2022-10-01 00:00:00","Nickel","22032.89285714286"
"2022-10-01 00:00:00","Silver","19.45043809523809"
"2022-10-01 00:00:00","Zinc","2933.309523809524"
"2022-11-01 00:00:00","Copper","3.6606000000000005"
"2022-11-01 00:00:00","Gold","1729.2072004545453"
"2022-11-01 00:00:00","Iron Ore","94.56818181818181"
"2022-11-01 00:00:00","Nickel","25562.697727272727"
"2022-11-01 00:00:00","Silver","21.06560454545454"
"2022-11-01 00:00:00","Zinc","2930.3636363636365"
"2022-12-01 00:00:00","Copper","3.8199047619047612"
"2022-12-01 00:00:00","Gold","1797.4628668181815"
"2022-12-01 00:00:00","Iron Ore","111.4090909090909"
"2022-12-01 00:00:00","Nickel","28985.920454545456"
"2022-12-01 00:00:00","Silver","23.38135909090909"
"2022-12-01 00:00:00","Zinc","3104.225"
"2023-01-01 00:00:00","Copper","4.12517619047619"
"2023-01-01 00:00:00","Gold","1899.797040869565"
"2023-01-01 00:00:00","Iron Ore","122.43181818181819"
"2023-01-01 00:00:00","Nickel","28271.49090909091"
"2023-01-01 00:00:00","Silver","23.750578260869563"
"2023-01-01 00:00:00","Zinc","3289.1428571428573"
"2023-02-01 00:00:00","Copper","4.082425"
"2023-02-01 00:00:00","Gold","1853.6226619999998"
"2023-02-01 00:00:00","Iron Ore","127.075"
"2023-02-01 00:00:00","Nickel","26727.95"
"2023-02-01 00:00:00","Silver","21.897560000000002"
"2023-02-01 00:00:00","Zinc","3105.225"
"2023-03-01 00:00:00","Copper","4.035526086956522"
"2023-03-01 00:00:00","Gold","1914.8936369565217"
"2023-03-01 00:00:00","Iron Ore","127.97826086956522"
"2023-03-01 00:00:00","Nickel","23288.608260869565"
"2023-03-01 00:00:00","Silver","22.01283913043478"
"2023-03-01 00:00:00","Zinc","2943"
"2023-04-01 00:00:00","Copper","4.00078947368421"
"2023-04-01 00:00:00","Gold","2000.8909263157889"
"2023-04-01 00:00:00","Iron Ore","117.125"
"2023-04-01 00:00:00","Nickel","23770.7995"
"2023-04-01 00:00:00","Silver","25.08225263157895"
"2023-04-01 00:00:00","Zinc","2761.1111111111113"
"2023-05-01 00:00:00","Copper","3.736817391304348"
"2023-05-01 00:00:00","Gold","1991.0614199999998"
"2023-05-01 00:00:00","Iron Ore","104.52173913043478"
"2023-05-01 00:00:00","Nickel","22134.782608695652"
"2023-05-01 00:00:00","Silver","24.234043478260872"
"2023-05-01 00:00:00","Zinc","2485.625"
"2023-06-01 00:00:00","Copper","3.800418181818181"
"2023-06-01 00:00:00","Gold","1940.9494136363637"
"2023-06-01 00:00:00","Iron Ore","113.0909090909091"
"2023-06-01 00:00:00","Nickel","21233.278181818183"
"2023-06-01 00:00:00","Silver","23.380677272727272"
"2023-06-01 00:00:00","Zinc","2381.590909090909"
"2023-07-01 00:00:00","Copper","3.8360238095238097"
"2023-07-01 00:00:00","Gold","1948.9638309523812"
"2023-07-01 00:00:00","Iron Ore","113.97619047619048"
"2023-07-01 00:00:00","Nickel","21091.261904761905"
"2023-07-01 00:00:00","Silver","24.119642857142857"
"2023-07-01 00:00:00","Zinc","2415.5476190476193"
"2023-08-01 00:00:00","Copper","3.7821521739130426"
"2023-08-01 00:00:00","Gold","1917.7794534782606"
"2023-08-01 00:00:00","Iron Ore","109.6086956521739"
"2023-08-01 00:00:00","Nickel","20446.358260869565"
"2023-08-01 00:00:00","Silver","23.45821739130435"
"2023-08-01 00:00:00","Zinc","2407.9545454545455"
"2023-09-01 00:00:00","Copper","3.737871428571429"
"2023-09-01 00:00:00","Gold","1913.01044"
"2023-09-01 00:00:00","Iron Ore","120.42857142857143"
"2023-09-01 00:00:00","Nickel","19644.64285714286"
"2023-09-01 00:00:00","Silver","23.105323809523814"
"2023-09-01 00:00:00","Zinc","2518.5238095238096"
"2023-10-01 00:00:00","Copper","3.6043863636363636"
"2023-10-01 00:00:00","Gold","1916.133284545455"
"2023-10-01 00:00:00","Iron Ore","118.75"
"2023-10-01 00:00:00","Nickel","18264.035454545457"
"2023-10-01 00:00:00","Silver","22.34693181818182"
"2023-10-01 00:00:00","Zinc","2465.3636363636365"
"2023-11-01 00:00:00","Copper","3.7225363636363635"
"2023-11-01 00:00:00","Gold","1985.1464227272722"
"2023-11-01 00:00:00","Iron Ore","131.25"
"2023-11-01 00:00:00","Nickel","17027.363636363636"
"2023-11-01 00:00:00","Silver","23.490527272727274"
"2023-11-01 00:00:00","Zinc","2550.318181818182"
"2023-12-01 00:00:00","Copper","3.849825"
"2023-12-01 00:00:00","Gold","2034.3414129999996"
"2023-12-01 00:00:00","Iron Ore","137.54761904761904"
"2023-12-01 00:00:00","Nickel","16443.52380952381"
"2023-12-01 00:00:00","Silver","23.926650000000002"
"2023-12-01 00:00:00","Zinc","2509.9736842105262"
"2024-01-01 00:00:00","Copper","3.7829470588235297"
"2024-01-01 00:00:00","Gold","2033.0954017647061"
"2024-01-01 00:00:00","Iron Ore","136.64705882352942"
"2024-01-01 00:00:00","Nickel","16023.651764705879"
"2024-01-01 00:00:00","Silver","22.850799999999996"
"2024-01-01 00:00:00","Zinc","2519.5"
